CNN,step,loss
cnn-01,1,4.583539962768555
cnn-01,2,2.8316545486450195
cnn-01,3,1.996864676475525
cnn-01,11,0.6050459146499634
cnn-01,20,0.6322444081306458
cnn-01,24,0.5731041431427002
cnn-01,32,0.4679017663002014
cnn-01,33,0.47930899262428284
cnn-01,37,0.41859251260757446
cnn-01,49,0.9887983202934265
